-- phpMyAdmin SQL Dump
-- version 4.8.3
-- https://www.phpmyadmin.net/
--
-- Hôte : 127.0.0.1:3306
-- Généré le :  jeu. 28 mars 2019 à 22:20
-- Version du serveur :  5.7.23
-- Version de PHP :  7.2.10

SET SQL_MODE = "NO_AUTO_VALUE_ON_ZERO";
SET AUTOCOMMIT = 0;
START TRANSACTION;
SET time_zone = "+00:00";


/*!40101 SET @OLD_CHARACTER_SET_CLIENT=@@CHARACTER_SET_CLIENT */;
/*!40101 SET @OLD_CHARACTER_SET_RESULTS=@@CHARACTER_SET_RESULTS */;
/*!40101 SET @OLD_COLLATION_CONNECTION=@@COLLATION_CONNECTION */;
/*!40101 SET NAMES utf8mb4 */;

--
-- Base de données :  `blog`
--

-- --------------------------------------------------------

--
-- Structure de la table `article`
--

DROP TABLE IF EXISTS `article`;
CREATE TABLE IF NOT EXISTS `article` (
  `id` int(11) NOT NULL AUTO_INCREMENT,
  `title` varchar(255) NOT NULL,
  `published_at` date NOT NULL,
  `content` longtext NOT NULL,
  `summary` text NOT NULL,
  `is_published` tinyint(1) NOT NULL DEFAULT '1',
  `image` varchar(255) DEFAULT NULL,
  PRIMARY KEY (`id`)
) ENGINE=InnoDB AUTO_INCREMENT=21 DEFAULT CHARSET=utf8mb4;

--
-- Déchargement des données de la table `article`
--

INSERT INTO `article` (`id`, `title`, `published_at`, `content`, `summary`, `is_published`, `image`) VALUES
(1, '« Le Crime de l’Orient Express » : rencontre avec Kenneth Branaghf', '2018-01-10', '<p>Morbi vel erat non mauris convallis vehicula. Nulla et sapien. Integer tortor tellus, aliquam faucibus, convallis id, congue eu, quam. Mauris ullamcorper felis vitae erat.sssss</p>', 'Résumé de l\'article Le Crime de l’Orient Expressssss', 1, NULL),
(2, 'Pourquoi \"Mario + Lapins Crétins : Kingdom Battle\" est le jeu de la rentrée', '2018-01-16', '<p>Integer quis metus vitae elit lobortis egestas. Lorem ipsum dolor sit amet, consectetuer adipiscing elit.</p>', 'Résumé de l\'article Mario + Lapins Crétins', 0, NULL),
(3, 'Pourquoi \"Destiny 2\" est un remède à l’ultra-moderne solitude', '2018-01-14', '<p>Pellentesque rhoncus nunc et augue. Integer id felis. Curabitur aliquet pellentesque diam.</p>', ' Résumé de l\'article Destiny 2', 1, NULL),
(4, 'BO de « Les seigneurs de Dogtown » : l’époque bénie du rock.', '2018-01-03', '<p>Nulla sollicitudin. Fusce varius, ligula non tempus aliquam, nunc turpis ullamcorper nibh, in tempus sapien eros vitae ligula.</p>', 'Résumé de l\'article Les seigneurs de Dogtown', 1, NULL),
(5, 'Comment “Assassin’s Creed” trouve un nouveau souffle en Egypte', '2018-01-06', '<p>Ut velit mauris, egestas sed, gravida nec, ornare ut, mi. Aenean ut orci vel massa suscipit pulvinar.</p>', 'Résumé de l\'article Assassin’s Creed', 0, NULL),
(6, 'De “Skyrim” à “L.A. Noire” ou “Doom” : pourquoi les vieux jeux sont meilleurs sur la Switch', '2018-01-17', '<p>Mauris ac mauris sed pede pellentesque fermentum. Maecenas adipiscing ante non diam sodales hendrerit.</p>', 'Résumé de l\'article Switch', 1, NULL),
(7, 'Revue - The Ramones', '2018-01-08', '<p>Pellentesque sed dui ut augue blandit sodales. Vestibulum ante ipsum primis in faucibus orci luctus et ultrices posuere cubilia Curae; Aliquam nibh.</p>', 'Résumé de l\'article The Ramones', 1, NULL);

-- --------------------------------------------------------

--
-- Structure de la table `article_category`
--

DROP TABLE IF EXISTS `article_category`;
CREATE TABLE IF NOT EXISTS `article_category` (
  `id` int(11) NOT NULL AUTO_INCREMENT,
  `article_id` int(11) NOT NULL,
  `category_id` int(11) NOT NULL,
  PRIMARY KEY (`id`)
) ENGINE=MyISAM AUTO_INCREMENT=32 DEFAULT CHARSET=utf8mb4;

--
-- Déchargement des données de la table `article_category`
--

INSERT INTO `article_category` (`id`, `article_id`, `category_id`) VALUES
(1, 4, 1),
(2, 4, 2),
(3, 1, 1),
(4, 2, 4),
(5, 3, 4),
(6, 5, 4),
(7, 6, 4),
(8, 7, 2),
(9, 8, 1),
(10, 14, 1),
(11, 14, 2),
(12, 14, 4),
(13, 15, 2),
(14, 16, 5),
(15, 18, 1),
(16, 18, 2),
(17, 18, 3),
(18, 18, 4),
(19, 19, 1),
(20, 19, 2),
(21, 19, 3),
(22, 19, 4),
(23, 20, 2),
(24, 20, 3),
(25, 20, 4),
(26, 20, 5),
(27, 20, 6),
(28, 20, 7),
(29, 20, 8),
(30, 20, 9),
(31, 20, 10);

-- --------------------------------------------------------

--
-- Structure de la table `category`
--

DROP TABLE IF EXISTS `category`;
CREATE TABLE IF NOT EXISTS `category` (
  `id` int(11) NOT NULL AUTO_INCREMENT,
  `name` varchar(255) NOT NULL,
  `description` text NOT NULL,
  `image` varchar(255) DEFAULT NULL,
  PRIMARY KEY (`id`)
) ENGINE=InnoDB AUTO_INCREMENT=11 DEFAULT CHARSET=utf8mb4;

--
-- Déchargement des données de la table `category`
--

INSERT INTO `category` (`id`, `name`, `description`, `image`) VALUES
(1, 'Cinéma', 'Trailers, infos, sorties...', NULL),
(2, 'Musique', 'Concerts, sorties d\'albums, festivals...', NULL),
(3, 'Théâtre', '', NULL),
(4, 'Jeux vidéos', 'Videos, tests...', NULL),
(5, 'Alcool', 'tous type d\'alcool', NULL),
(6, 'satan', 'azerty', NULL),
(7, 'hsdflgm', 'hsde', NULL),
(8, 'qry', 'azeryt', NULL),
(9, 'alcool', 'tytryt', NULL);

-- --------------------------------------------------------

--
-- Structure de la table `image`
--

DROP TABLE IF EXISTS `image`;
CREATE TABLE IF NOT EXISTS `image` (
  `id` int(11) NOT NULL AUTO_INCREMENT,
  `caption` varchar(255) NOT NULL,
  `name` varchar(255) DEFAULT NULL,
  `article_id` int(11) NOT NULL,
  PRIMARY KEY (`id`)
) ENGINE=MyISAM AUTO_INCREMENT=20 DEFAULT CHARSET=utf8mb4;

--
-- Déchargement des données de la table `image`
--

INSERT INTO `image` (`id`, `caption`, `name`, `article_id`) VALUES
(19, 'View 4', 'ebe4361baf7318a92facaec817c6d0d9.jpg', 15),
(18, 'View 3', '832353270aacb6e3322f493a66aaf5b9.jpg', 15),
(16, 'View 1', 'f50ebce922538b3c57a3e6b7bbb6d628.jpg', 15),
(17, 'View 2', '1aaa7438a59157a0f21ad30dda4d4088.jpg', 15);

-- --------------------------------------------------------

--
-- Structure de la table `user`
--

DROP TABLE IF EXISTS `user`;
CREATE TABLE IF NOT EXISTS `user` (
  `id` int(10) NOT NULL AUTO_INCREMENT,
  `firstname` varchar(100) NOT NULL,
  `lastname` varchar(100) NOT NULL,
  `email` varchar(255) NOT NULL,
  `password` varchar(225) NOT NULL,
  `is_admin` tinyint(1) DEFAULT '0',
  `bio` text NOT NULL,
  PRIMARY KEY (`id`)
) ENGINE=InnoDB AUTO_INCREMENT=35 DEFAULT CHARSET=utf8mb4;

--
-- Déchargement des données de la table `user`
--

INSERT INTO `user` (`id`, `firstname`, `lastname`, `email`, `password`, `is_admin`, `bio`) VALUES
(30, 'Admin', 'TheBrickBox', 'admin@thebrickbox.net', 'b53759f3ce692de7aff1b5779d3964da', 1, 'admin du blog'),
(32, 'malaurie', 'saint martin', 'm.stm95280@gmail.com', '87df2cd1570fd297de238aeee667fe0a', 1, ''),
(33, 'malaurie', ',qlzt', 'g.sm1@orange.fr', 'eeafbf4d9b3957b139da7b7f2e7f2d4a', 0, '');
COMMIT;

/*!40101 SET CHARACTER_SET_CLIENT=@OLD_CHARACTER_SET_CLIENT */;
/*!40101 SET CHARACTER_SET_RESULTS=@OLD_CHARACTER_SET_RESULTS */;
/*!40101 SET COLLATION_CONNECTION=@OLD_COLLATION_CONNECTION */;
